INSERT INTO RoomType(Type, StandartOcc, MaxOcc, BasePrice, ExtraPersonFee) VALUES
	('Single', 2, 2, 174.99, 0),
	('Double', 2, 4, 199.99, 10),
	('Suite', 3, 8, 399.99, 20);

INSERT INTO Amenities(AmenityType) VALUES
	('Microwave'),
	('Jacuzzi'),
	('Refrigerator'),
	('Oven');

INSERT INTO Room(RoomNumber, ADA_Accessible, RoomTypeId) VALUES
	(201, 0, 2),
	(202, 1, 2),
	(203, 0, 2),
	(204, 1, 2),
	(205, 0, 1),
	(206, 1, 1),
	(207, 0, 1),
	(208, 1, 1),
	(301, 0, 2),
	(302, 1, 2),
	(303, 0, 2),
	(304, 1, 2),
	(305, 0, 1),
	(306, 1, 1),
	(307, 0, 1),
	(308, 1, 1),
	(401, 1, 3),
	(402, 1, 3);

INSERT INTO RoomAmenities(RoomNumber, AmenityId) VALUES
	(201, 1),
	(201, 2),
	(202, 3),
	(203, 1),
	(203, 2),
	(204, 3),
	(205, 1),
	(205, 2),
	(205, 3),
	(206, 1),
	(206, 3),
	(207, 1),
	(207, 2),
	(207, 3),
	(208, 1),
	(208, 3),
	(301, 1),
	(301, 2),
	(302, 3),
	(303, 1),
	(303, 2),
	(304, 3),
	(305, 1),
	(305, 2),
	(305, 3),
	(306, 1),
	(306, 3),
	(307, 1),
	(307, 2),
	(307, 3),
	(308, 1),
	(308, 3),
	(401, 1),
	(401, 3),
	(401, 4),
	(402, 1),
	(402, 3),
	(402, 4);

INSERT INTO Address(Address, City, StateAbb, Zipcode) VALUES
	('666 Main st', 'Zion', 'MX', '00000'),
	('379 Old Shore Street','Council Bluffs','IA','51501'),
    ('750 Wintergreen Dr.','Wasilla','AK','99654'),
    ('9662 Foxrun Lane','Harlingen','TX','78552'),
    ('9378 W. Augusta Ave.','West Deptford','NJ','08096'),
    ('762 Wild Rose Street','Saginaw','MI','48601'),
    ('7 Poplar Dr.','Arvada','CO','80003'),
    ('70 Oakwood St.','Zion','IL','60099'),
    ('7556 Arrowhead St.','Cumberland','RI','02864'),
    ('77 West Surrey Street','Oswego','NY','13126'),
    ('939 Linda Rd.','Burke','VA','22015'),
    ('7 Queen St.','Drexel Hill','PA','19026');

INSERT INTO Guest(FirstName, LastName, AddressId, Phone) VALUES
	('Boburjon', 'Azimov', 1, '0101011011'),
	('Mack','Simmer',2,'2915530508'),
	('Bettyann','Seery',3,'4782779632'),
	('Duane','Cullison',4,'3084940198'),
	('Karie','Yang',5,'2147300298'),
	('Aurore','Lipton',6,'3775070974'),
	('Zachery','Luechtefeld',7,'8144852615'),
	('Jeremiah','Pendergrass',8,'2794910960'),
	('Walter','Holaway',9,'4463966785'),
	('Wilfred','Vise',10,'8347271001'),
	('Maritza','Tilton',11,'4463516860'),
	('Joleen','Tison',12,'2318932755');

INSERT INTO Reservation(RoomNumber, GuestId, Adults, Children, Check_in,Check_out,TotalPrice) VALUES
(308, 2, 1, 0, '2023/02/02', '2023/02/04', 299.98),
(203, 3, 2, 1, '2023/02/05', '2023/02/10', 999.95),
(305, 4, 2, 0, '2023/02/22', '2023/02/24', 349.98),
(201, 5, 2, 2, '2023/03/06', '2023/03/07', 199.99),
(307, 1, 1, 1, '2023/03/17', '2023/03/20', 524.97),
(302, 6, 3, 0, '2023/03/18', '2023/03/23', 924.95),
(202, 7, 2, 2, '2023/03/29', '2023/03/31', 349.98),
(304, 8, 2, 0, '2023/03/31', '2023/04/05', 799.96),
(301, 9, 1, 0, '2023/04/09', '2023/04/13', 799.96),
(207, 10, 1, 1, '2023/04/23', '2023/04/24', 174.99),
(401, 11, 2, 4, '2023/05/30', '2023/06/02', 1199.97),
(206, 12, 2, 0, '2023/06/10', '2023/06/14', 599.96),
(208, 12, 1, 0, '2023/06/10', '2023/06/14', 599.96),
(304, 6, 3, 0, '2023/06/17', '2023/06/18', 184.99),
(205, 1, 2, 0, '2023/06/28', '2023/07/02', 699.96),
(204, 9, 3, 1, '2023/07/13', '2023/07/14', 184.99),
(401, 10, 4, 2, '2023/07/18', '2023/07/21', 1259.97),
(303, 3, 2, 1, '2023/07/28', '2023/07/29', 199.99),
(305, 3, 1, 0, '2023/08/30', '2023/09/02', 349.98),
(208, 2, 2, 0, '2023/09/16', '2023/09/17', 149.98),
(203, 5, 2, 2, '2023/09/13', '2023/09/15', 399.98),
(401, 4, 2, 2, '2023/11/22', '2023/11/25', 1199.97),
(206, 2, 2, 0, '2023/11/22', '2023/11/25', 449.97),
(301, 2, 2, 2, '2023/11/22', '2023/11/25', 599.97),
(302, 11, 2, 0, '2023/12/24', '2023/12/28', 699.96);